data,valor
2015-11-30,3.8499
2015-12-01,3.8739
2015-12-02,3.8539
2015-12-03,3.7964
2015-12-04,3.7569
2015-12-07,3.747
2015-12-08,3.7915
2015-12-09,3.7573
2015-12-10,3.7679
2015-12-11,3.8541
2015-12-14,3.9017
2015-12-15,3.8697
2015-12-16,3.9351
2015-12-17,3.8923
2015-12-18,3.9056
2015-12-21,3.9825
2015-12-22,3.9764
2015-12-23,3.9626
2015-12-24,3.9511
2015-12-28,3.918
2015-12-29,3.8486
2015-12-30,3.9042
2015-12-31,3.9042
2016-01-04,4.038
2016-01-05,4.0108
2016-01-06,4.0297
2016-01-07,4.0469
2016-01-08,4.0244
2016-01-11,4.0147
2016-01-12,4.0293
2016-01-13,3.9857
2016-01-14,4.0217
2016-01-15,4.0396
2016-01-18,4.0358
2016-01-19,4.0297
2016-01-20,4.0855
2016-01-21,4.1552
2016-01-22,4.1226
2016-01-25,4.0991
2016-01-26,4.0961
2016-01-27,4.0441
2016-01-28,4.0832
2016-01-29,4.0422
2016-02-01,3.9979
2016-02-02,3.9913
2016-02-03,3.9552
2016-02-04,3.8646
2016-02-05,3.8969
2016-02-10,3.9406
2016-02-11,3.9636
2016-02-12,3.9884
2016-02-15,3.9879
2016-02-16,4.0207
2016-02-17,4.0312
2016-02-18,4.0084
2016-02-19,4.0486
2016-02-22,3.9612
2016-02-23,3.9678
2016-02-24,3.9894
2016-02-25,3.9394
2016-02-26,3.9571
2016-02-29,3.979
2016-03-01,3.9907
2016-03-02,3.911
2016-03-03,3.8498
2016-03-04,3.7182
2016-03-07,3.7708
2016-03-08,3.7807
2016-03-09,3.7031
2016-03-10,3.6694
2016-03-11,3.6265
2016-03-14,3.6232
2016-03-15,3.711
2016-03-16,3.8073
2016-03-17,3.6439
2016-03-18,3.614
2016-03-21,3.6223
2016-03-22,3.6067
2016-03-23,3.6525
2016-03-24,3.6942
2016-03-28,3.6401
2016-03-29,3.6681
2016-03-30,3.611
2016-03-31,3.5583
2016-04-01,3.5793
2016-04-04,3.5865
2016-04-05,3.6575
2016-04-06,3.6743
2016-04-07,3.6915
2016-04-08,3.6379
2016-04-11,3.5278
2016-04-12,3.54
2016-04-13,3.5423
2016-04-14,3.512
2016-04-15,3.527
2016-04-18,3.5898
2016-04-19,3.5532
2016-04-20,3.5497
2016-04-22,3.5823
2016-04-25,3.5466
2016-04-26,3.5294
2016-04-27,3.5289
2016-04-28,3.4986
2016-04-29,3.4502
2016-05-02,3.4985
2016-05-03,3.5544
2016-05-04,3.5391
2016-05-05,3.529
2016-05-06,3.5356
2016-05-09,3.538
2016-05-10,3.4766
2016-05-11,3.4639
2016-05-12,3.4871
2016-05-13,3.5035
2016-05-16,3.5029
2016-05-17,3.5031
2016-05-18,3.5362
2016-05-19,3.5997
2016-05-20,3.5413
2016-05-23,3.5654
2016-05-24,3.5485
2016-05-25,3.5798
2016-05-27,3.6162
2016-05-30,3.5991
2016-05-31,3.5945
2016-06-01,3.612
2016-06-02,3.5955
2016-06-03,3.5403
2016-06-06,3.5092
2016-06-07,3.4739
2016-06-08,3.3892
2016-06-09,3.3811
2016-06-10,3.4255
2016-06-13,3.4527
2016-06-14,3.4833
2016-06-15,3.4762
2016-06-16,3.4898
2016-06-17,3.4366
2016-06-20,3.3829
2016-06-21,3.3891
2016-06-22,3.3877
2016-06-23,3.3527
2016-06-24,3.3766
2016-06-27,3.3928
2016-06-28,3.3261
2016-06-29,3.2429
2016-06-30,3.2092
2016-07-01,3.2292
2016-07-04,3.2474
2016-07-05,3.2898
2016-07-06,3.3236
2016-07-07,3.3382
2016-07-08,3.2962
2016-07-11,3.3025
2016-07-12,3.2744
2016-07-13,3.289
2016-07-14,3.2305
2016-07-15,3.265
2016-07-18,3.2628
2016-07-19,3.2795
2016-07-20,3.2506
2016-07-21,3.2579
2016-07-22,3.2848
2016-07-25,3.2813
2016-07-26,3.2784
2016-07-27,3.2814
2016-07-28,3.2734
2016-07-29,3.2384
2016-08-01,3.2656
2016-08-02,3.2484
2016-08-03,3.2727
2016-08-04,3.2177
2016-08-05,3.1853
2016-08-08,3.1765
2016-08-09,3.1497
2016-08-10,3.1296
2016-08-11,3.1358
2016-08-12,3.1596
2016-08-15,3.1666
2016-08-16,3.1743
2016-08-17,3.2242
2016-08-18,3.2209
2016-08-19,3.2261
2016-08-22,3.2157
2016-08-23,3.2047
2016-08-24,3.2366
2016-08-25,3.2313
2016-08-26,3.2147
2016-08-29,3.2607
2016-08-30,3.2519
2016-08-31,3.2397
2016-09-01,3.2466
2016-09-02,3.2425
2016-09-05,3.2715
2016-09-06,3.2446
2016-09-08,3.1928
2016-09-09,3.2632
2016-09-12,3.2848
2016-09-13,3.2966
2016-09-14,3.3256
2016-09-15,3.332
2016-09-16,3.2998
2016-09-19,3.263
2016-09-20,3.2534
2016-09-21,3.2402
2016-09-22,3.2009
2016-09-23,3.2236
2016-09-26,3.2394
2016-09-27,3.2352
2016-09-28,3.247
2016-09-29,3.2229
2016-09-30,3.2456
2016-10-03,3.2332
2016-10-04,3.2197
2016-10-05,3.2353
2016-10-06,3.2304
2016-10-07,3.2128
2016-10-10,3.2119
2016-10-11,3.213
2016-10-13,3.2081
2016-10-14,3.1858
2016-10-17,3.1957
2016-10-18,3.1868
2016-10-19,3.1794
2016-10-20,3.1599
2016-10-21,3.1587
2016-10-24,3.1305
2016-10-25,3.1187
2016-10-26,3.1213
2016-10-27,3.1423
2016-10-28,3.1809
2016-10-31,3.1805
2016-11-01,3.2047
2016-11-03,3.2304
2016-11-04,3.2443
2016-11-07,3.2018
2016-11-08,3.2018
2016-11-09,3.2252
2016-11-10,3.3098
2016-11-11,3.4371
2016-11-14,3.444
2016-11-16,3.4177
2016-11-17,3.4046
2016-11-18,3.3911
2016-11-21,3.3511
2016-11-22,3.347
2016-11-23,3.3921
2016-11-24,3.3981
2016-11-25,3.4273
2016-11-28,3.399
2016-11-29,3.4054
2016-11-30,3.3961
2016-12-01,3.4356
2016-12-02,3.4644
2016-12-05,3.4592
2016-12-06,3.4348
2016-12-07,3.3889
2016-12-08,3.4002
2016-12-09,3.3852
2016-12-12,3.3691
2016-12-13,3.3334
2016-12-14,3.3097
2016-12-15,3.3824
2016-12-16,3.3706
2016-12-19,3.3772
2016-12-20,3.358
2016-12-21,3.3291
2016-12-22,3.3296
2016-12-23,3.269
2016-12-26,3.2695
2016-12-27,3.277
2016-12-28,3.2768
2016-12-29,3.2585
2016-12-30,3.2585
2017-01-02,3.2723
2017-01-03,3.2626
2017-01-04,3.2327
2017-01-05,3.2123
2017-01-06,3.2051
2017-01-09,3.2091
2017-01-10,3.1912
2017-01-11,3.2148
2017-01-12,3.1655
2017-01-13,3.2028
2017-01-16,3.2228
2017-01-17,3.2094
2017-01-18,3.2205
2017-01-19,3.2107
2017-01-20,3.1912
2017-01-23,3.1603
2017-01-24,3.1643
2017-01-25,3.1679
2017-01-26,3.1798
2017-01-27,3.159
2017-01-30,3.131
2017-01-31,3.1264
2017-02-01,3.1473
2017-02-02,3.119
2017-02-03,3.1235
2017-02-06,3.1173
2017-02-07,3.1298
2017-02-08,3.1248
2017-02-09,3.1179
2017-02-10,3.1149
2017-02-13,3.1169
2017-02-14,3.0998
2017-02-15,3.0773
2017-02-16,3.0504
2017-02-17,3.0944
2017-02-20,3.0912
2017-02-21,3.0964
2017-02-22,3.0818
2017-02-23,3.0632
2017-02-24,3.0987
2017-03-01,3.097
2017-03-02,3.1132
2017-03-03,3.1358
2017-03-06,3.1105
2017-03-07,3.1179
2017-03-08,3.1471
2017-03-09,3.1729
2017-03-10,3.1617
2017-03-13,3.1535
2017-03-14,3.1633
2017-03-15,3.1623
2017-03-16,3.1074
2017-03-17,3.1069
2017-03-20,3.0892
2017-03-21,3.0759
2017-03-22,3.0933
2017-03-23,3.1242
2017-03-24,3.1276
2017-03-27,3.125
2017-03-28,3.1297
2017-03-29,3.1223
2017-03-30,3.1241
2017-03-31,3.1678
2017-04-03,3.1161
2017-04-04,3.1225
2017-04-05,3.0917
2017-04-06,3.1154
2017-04-07,3.1296
2017-04-10,3.1403
2017-04-11,3.1418
2017-04-12,3.1457
2017-04-13,3.1263
2017-04-17,3.103
2017-04-18,3.0952
2017-04-19,3.1288
2017-04-20,3.1447
2017-04-24,3.1245
2017-04-25,3.1571
2017-04-26,3.1841
2017-04-27,3.1757
2017-04-28,3.1978
2017-05-02,3.1718
2017-05-03,3.1483
2017-05-04,3.1774
2017-05-05,3.1758
2017-05-08,3.1932
2017-05-09,3.1851
2017-05-10,3.16
2017-05-11,3.1553
2017-05-12,3.1284
2017-05-15,3.1005
2017-05-16,3.0918
2017-05-17,3.107
2017-05-18,3.3756
2017-05-19,3.2872
2017-05-22,3.2857
2017-05-23,3.2648
2017-05-24,3.2623
2017-05-25,3.2818
2017-05-26,3.2608
2017-05-29,3.2703
2017-05-30,3.2653
2017-05-31,3.2431
2017-06-01,3.2301
2017-06-02,3.2395
2017-06-05,3.2814
2017-06-06,3.2811
2017-06-07,3.2741
2017-06-08,3.2832
2017-06-09,3.2734
2017-06-12,3.298
2017-06-13,3.3202
2017-06-14,3.283
2017-06-16,3.2886
2017-06-19,3.2969
2017-06-20,3.3139
2017-06-21,3.3241
2017-06-22,3.3356
2017-06-23,3.3336
2017-06-26,3.3122
2017-06-27,3.3166
2017-06-28,3.3024
2017-06-29,3.2946
2017-06-30,3.3076
2017-07-03,3.3009
2017-07-04,3.3044
2017-07-05,3.3187
2017-07-06,3.3058
2017-07-07,3.2889
2017-07-10,3.2644
2017-07-11,3.2516
2017-07-12,3.2258
2017-07-13,3.2102
2017-07-14,3.1893
2017-07-17,3.1815
2017-07-18,3.1662
2017-07-19,3.1527
2017-07-20,3.1396
2017-07-21,3.125
2017-07-24,3.1453
2017-07-25,3.155
2017-07-26,3.1651
2017-07-27,3.1507
2017-07-28,3.1451
2017-07-31,3.1301
2017-08-01,3.1154
2017-08-02,3.1262
2017-08-03,3.1188
2017-08-04,3.1218
2017-08-07,3.1261
2017-08-08,3.1314
2017-08-09,3.1458
2017-08-10,3.1537
2017-08-11,3.1689
2017-08-14,3.1882
2017-08-15,3.197
2017-08-16,3.1664
2017-08-17,3.1597
2017-08-18,3.1648
2017-08-21,3.1437
2017-08-22,3.1533
2017-08-23,3.1563
2017-08-24,3.1398
2017-08-25,3.1456
2017-08-28,3.1557
2017-08-29,3.1689
2017-08-30,3.1632
2017-08-31,3.1465
2017-09-01,3.1327
2017-09-04,3.1383
2017-09-05,3.1197
2017-09-06,3.1127
2017-09-08,3.0902
2017-09-11,3.0846
2017-09-12,3.1138
2017-09-13,3.1337
2017-09-14,3.1348
2017-09-15,3.1249
2017-09-18,3.1233
2017-09-19,3.1317
2017-09-20,3.1275
2017-09-21,3.1341
2017-09-22,3.1279
2017-09-25,3.1406
2017-09-26,3.1668
2017-09-27,3.1926
2017-09-28,3.1865
2017-09-29,3.1674
2017-10-02,3.1636
2017-10-03,3.1496
2017-10-04,3.1309
2017-10-05,3.1341
2017-10-06,3.1642
2017-10-09,3.1764
2017-10-10,3.1682
2017-10-11,3.1633
2017-10-13,3.1567
2017-10-16,3.1601
2017-10-17,3.1763
2017-10-18,3.1667
2017-10-19,3.1727
2017-10-20,3.1827
2017-10-23,3.1997
2017-10-24,3.2464
2017-10-25,3.2381
2017-10-26,3.2438
2017-10-27,3.2795
2017-10-30,3.2541
2017-10-31,3.2763
2017-11-01,3.273
2017-11-03,3.2914
2017-11-06,3.2845
2017-11-07,3.2727
2017-11-08,3.2503
2017-11-09,3.2509
2017-11-10,3.2655
2017-11-13,3.2867
2017-11-14,3.2828
2017-11-16,3.2802
2017-11-17,3.2782
2017-11-20,3.2608
2017-11-21,3.2585
2017-11-22,3.2555
2017-11-23,3.2365
2017-11-24,3.2294
2017-11-27,3.2212
2017-11-28,3.2226
2017-11-29,3.213
2017-11-30,3.261
2017-12-01,3.263
2017-12-04,3.25
2017-12-05,3.2316
2017-12-06,3.2348
2017-12-07,3.2886
2017-12-08,3.2805
2017-12-11,3.2839
2017-12-12,3.3143
2017-12-13,3.303
2017-12-14,3.3326
2017-12-15,3.3176
2017-12-18,3.2875
2017-12-19,3.2877
2017-12-20,3.2903
2017-12-21,3.3039
2017-12-22,3.3203
2017-12-26,3.3194
2017-12-27,3.3024
2017-12-28,3.3074
2017-12-29,3.3074
2018-01-02,3.2691
2018-01-03,3.2529
2018-01-04,3.2312
2018-01-05,3.2403
2018-01-08,3.2351
2018-01-09,3.2391
2018-01-10,3.2461
2018-01-11,3.2295
2018-01-12,3.2192
2018-01-15,3.1957
2018-01-16,3.2213
2018-01-17,3.2318
2018-01-18,3.2123
2018-01-19,3.2081
2018-01-22,3.1928
2018-01-23,3.2243
2018-01-24,3.1964
2018-01-25,3.138
2018-01-26,3.1444
2018-01-29,3.1648
2018-01-30,3.1655
2018-01-31,3.1618
2018-02-01,3.1724
2018-02-02,3.2054
2018-02-05,3.2349
2018-02-06,3.2607
2018-02-07,3.2461
2018-02-08,3.2686
2018-02-09,3.2815
2018-02-14,3.2531
2018-02-15,3.2202
2018-02-16,3.2375
2018-02-19,3.2341
2018-02-20,3.2501
2018-02-21,3.2549
2018-02-22,3.2592
2018-02-23,3.2411
2018-02-26,3.2345
2018-02-27,3.2377
2018-02-28,3.2443
2018-03-01,3.2614
2018-03-02,3.2608
2018-03-05,3.2576
2018-03-06,3.224
2018-03-07,3.2312
2018-03-08,3.2512
2018-03-09,3.249
2018-03-12,3.26
2018-03-13,3.2486
2018-03-14,3.2578
2018-03-15,3.2853
2018-03-16,3.2899
2018-03-19,3.2905
2018-03-20,3.2975
2018-03-21,3.2915
2018-03-22,3.3027
2018-03-23,3.3035
2018-03-26,3.3028
2018-03-27,3.325
2018-03-28,3.3374
2018-03-29,3.3232
2018-04-02,3.3098
2018-04-03,3.3133
2018-04-04,3.3532
2018-04-05,3.319
2018-04-06,3.366
2018-04-09,3.3897
2018-04-10,3.4189
2018-04-11,3.4046
2018-04-12,3.3852
2018-04-13,3.4099
2018-04-16,3.4257
2018-04-17,3.4035
2018-04-18,3.3838
2018-04-19,3.3971
2018-04-20,3.4096
2018-04-23,3.4415
2018-04-24,3.4661
2018-04-25,3.5034
2018-04-26,3.4971
2018-04-27,3.467
2018-04-30,3.4805
2018-05-02,3.5418
2018-05-03,3.5478
2018-05-04,3.5302
2018-05-07,3.5452
2018-05-08,3.5782
2018-05-09,3.5937
2018-05-10,3.5561
2018-05-11,3.571
2018-05-14,3.6091
2018-05-15,3.6747
2018-05-16,3.6797
2018-05-17,3.6868
2018-05-18,3.7497
2018-05-21,3.7066
2018-05-22,3.6496
2018-05-23,3.6501
2018-05-24,3.643
2018-05-25,3.6581
2018-05-28,3.7086
2018-05-29,3.7283
2018-05-30,3.7364
2018-06-01,3.7407
2018-06-04,3.7418
2018-06-05,3.7746
2018-06-06,3.8187
2018-06-07,3.8994
2018-06-08,3.7853
2018-06-11,3.6907
2018-06-12,3.7038
2018-06-13,3.7048
2018-06-14,3.7051
2018-06-15,3.7732
2018-06-18,3.7537
2018-06-19,3.756
2018-06-20,3.7329
2018-06-21,3.7888
2018-06-22,3.7657
2018-06-25,3.7754
2018-06-26,3.7715
2018-06-27,3.8352
2018-06-28,3.8515
2018-06-29,3.8552
2018-07-02,3.9049
2018-07-03,3.8914
2018-07-04,3.9052
2018-07-05,3.9186
2018-07-06,3.9258
2018-07-09,3.868
2018-07-10,3.8446
2018-07-11,3.8411
2018-07-12,3.8558
2018-07-13,3.8739
2018-07-16,3.8573
2018-07-17,3.8665
2018-07-18,3.8468
2018-07-19,3.8841
2018-07-20,3.7787
2018-07-23,3.7909
2018-07-24,3.7453
2018-07-25,3.7114
2018-07-26,3.7237
2018-07-27,3.7158
2018-07-30,3.7149
2018-07-31,3.7543
2018-08-01,3.7485
2018-08-02,3.7639
2018-08-03,3.7195
2018-08-06,3.7208
2018-08-07,3.7112
2018-08-08,3.7513
2018-08-09,3.8024
2018-08-10,3.8466
2018-08-13,3.8982
2018-08-14,3.8806
2018-08-15,3.9128
2018-08-16,3.8804
2018-08-17,3.9383
2018-08-20,3.9424
2018-08-21,3.9867
2018-08-22,4.0734
2018-08-23,4.0721
2018-08-24,4.0848
2018-08-27,4.0681
2018-08-28,4.1186
2018-08-29,4.1347
2018-08-30,4.1806
2018-08-31,4.1347
2018-09-03,4.1273
2018-09-04,4.1646
2018-09-05,4.1603
2018-09-06,4.1454
2018-09-10,4.1001
2018-09-11,4.1635
2018-09-12,4.1253
2018-09-13,4.1631
2018-09-14,4.1873
2018-09-17,4.1689
2018-09-18,4.1363
2018-09-19,4.1345
2018-09-20,4.0991
2018-09-21,4.0722
2018-09-24,4.0588
2018-09-25,4.128
2018-09-26,4.0564
2018-09-27,4.0086
2018-09-28,4.0033
2018-10-01,4.0267
2018-10-02,3.9499
2018-10-03,3.8536
2018-10-04,3.9041
2018-10-05,3.8693
2018-10-08,3.7582
2018-10-09,3.7385
2018-10-10,3.7504
2018-10-11,3.7454
2018-10-15,3.7326
2018-10-16,3.7073
2018-10-17,3.7002
2018-10-18,3.6957
2018-10-19,3.7073
2018-10-22,3.6897
2018-10-23,3.7074
2018-10-24,3.7054
2018-10-25,3.7008
2018-10-26,3.6746
2018-10-29,3.6362
2018-10-30,3.7013
2018-10-31,3.7171
2018-11-01,3.6968
2018-11-05,3.7042
2018-11-06,3.7486
2018-11-07,3.7586
2018-11-08,3.7385
2018-11-09,3.75
2018-11-12,3.7472
2018-11-13,3.7786
2018-11-14,3.7918
2018-11-16,3.7519
2018-11-19,3.7547
2018-11-20,3.7574
2018-11-21,3.7866
2018-11-22,3.8097
2018-11-23,3.8075
2018-11-26,3.8649
2018-11-27,3.8919
2018-11-28,3.8625
2018-11-29,3.8562
2018-11-30,3.8627
2018-12-03,3.8279
2018-12-04,3.8307
2018-12-05,3.8555
2018-12-06,3.9172
2018-12-07,3.8958
2018-12-10,3.9104
2018-12-11,3.9007
2018-12-12,3.8623
2018-12-13,3.8784
2018-12-14,3.9084
2018-12-17,3.9115
2018-12-18,3.8991
2018-12-19,3.8901
2018-12-20,3.8437
2018-12-21,3.8665
2018-12-24,3.8839
2018-12-26,3.9252
2018-12-27,3.9324
2018-12-28,3.8742
2018-12-31,3.8742
2019-01-02,3.8589
2019-01-03,3.7677
2019-01-04,3.7621
2019-01-07,3.7056
2019-01-08,3.7202
2019-01-09,3.6925
2019-01-10,3.6863
2019-01-11,3.7135
2019-01-14,3.7255
2019-01-15,3.7043
2019-01-16,3.7191
2019-01-17,3.7585
2019-01-18,3.748
2019-01-21,3.7699
2019-01-22,3.7609
2019-01-23,3.7988
2019-01-24,3.7809
2019-01-25,3.7613
2019-01-28,3.767
2019-01-29,3.7364
2019-01-30,3.7145
2019-01-31,3.6513
2019-02-01,3.6688
2019-02-04,3.675
2019-02-05,3.6735
2019-02-06,3.7013
2019-02-07,3.7187
2019-02-08,3.7178
2019-02-11,3.7385
2019-02-12,3.729
2019-02-13,3.7271
2019-02-14,3.775
2019-02-15,3.7149
2019-02-18,3.731
2019-02-19,3.72
2019-02-20,3.7094
2019-02-21,3.7589
2019-02-22,3.7424
2019-02-25,3.7279
2019-02-26,3.7589
2019-02-27,3.7345
2019-02-28,3.7379
2019-03-01,3.7826
2019-03-06,3.8297
2019-03-07,3.8481
2019-03-08,3.8672
2019-03-11,3.8455
2019-03-12,3.8123
2019-03-13,3.8259
2019-03-14,3.8321
2019-03-15,3.8338
2019-03-18,3.8105
2019-03-19,3.7756
2019-03-20,3.7891
2019-03-21,3.7961
2019-03-22,3.8809
2019-03-25,3.8764
2019-03-26,3.864
2019-03-27,3.9383
2019-03-28,3.9676
2019-03-29,3.8961
2019-04-01,3.8676
2019-04-02,3.8655
2019-04-03,3.843
2019-04-04,3.8707
2019-04-05,3.8616
2019-04-08,3.8652
2019-04-09,3.8557
2019-04-10,3.8339
2019-04-11,3.8393
2019-04-12,3.8679
2019-04-15,3.8724
2019-04-16,3.8907
2019-04-17,3.9219
2019-04-18,3.9364
2019-04-22,3.9224
2019-04-23,3.943
2019-04-24,3.9624
2019-04-25,3.9719
2019-04-26,3.9347
2019-04-29,3.9358
2019-04-30,3.9447
2019-05-02,3.9644
2019-05-03,3.9382
2019-05-06,3.9618
2019-05-07,3.9874
2019-05-08,3.9338
2019-05-09,3.9667
2019-05-10,3.9572
2019-05-13,3.9884
2019-05-14,3.9782
2019-05-15,4.0025
2019-05-16,4.0132
2019-05-17,4.0838
2019-05-20,4.105
2019-05-21,4.0804
2019-05-22,4.0222
2019-05-23,4.0507
2019-05-24,4.0316
2019-05-27,4.0204
2019-05-28,4.0269
2019-05-29,3.9959
2019-05-30,3.9714
2019-05-31,3.9401
2019-06-03,3.8997
2019-06-04,3.8704
2019-06-05,3.8605
2019-06-06,3.872
2019-06-07,3.8565
2019-06-10,3.8784
2019-06-11,3.8658
2019-06-12,3.8431
2019-06-13,3.8423
2019-06-14,3.8807
2019-06-17,3.8889
2019-06-18,3.8602
2019-06-19,3.8717
2019-06-21,3.8249
2019-06-24,3.8228
2019-06-25,3.8297
2019-06-26,3.8435
2019-06-27,3.8636
2019-06-28,3.8316
2019-07-01,3.8187
2019-07-02,3.8558
2019-07-03,3.8469
2019-07-04,3.7934
2019-07-05,3.8198
2019-07-08,3.8059
2019-07-09,3.7846
2019-07-10,3.7691
2019-07-11,3.7527
2019-07-12,3.7446
2019-07-15,3.7457
2019-07-16,3.7618
2019-07-17,3.7612
2019-07-18,3.7483
2019-07-19,3.7402
2019-07-22,3.7394
2019-07-23,3.7615
2019-07-24,3.759
2019-07-25,3.7843
2019-07-26,3.7735
2019-07-29,3.7903
2019-07-30,3.7894
2019-07-31,3.7643
2019-08-01,3.829
2019-08-02,3.8733
2019-08-05,3.9398
2019-08-06,3.9637
2019-08-07,3.9844
2019-08-08,3.9403
2019-08-09,3.9356
2019-08-12,3.996
2019-08-13,3.973
2019-08-14,4.0068
2019-08-15,4.0182
2019-08-16,3.9927
2019-08-19,4.0268
2019-08-20,4.0419
2019-08-21,4.0248
2019-08-22,4.0438
2019-08-23,4.0845
2019-08-26,4.1361
2019-08-27,4.1551
2019-08-28,4.1553
2019-08-29,4.1674
2019-08-30,4.1379
2019-09-02,4.1575
2019-09-03,4.1651
2019-09-04,4.1243
2019-09-05,4.0853
2019-09-06,4.0644
2019-09-09,4.076
2019-09-10,4.1102
2019-09-11,4.0625
2019-09-12,4.0488
2019-09-13,4.061
2019-09-16,4.0866
2019-09-17,4.0992
2019-09-18,4.0966
2019-09-19,4.1387
2019-09-20,4.1681
2019-09-23,4.1728
2019-09-24,4.1715
2019-09-25,4.1821
2019-09-26,4.1463
2019-09-27,4.1581
2019-09-30,4.1638
2019-10-01,4.1734
2019-10-02,4.154
2019-10-03,4.1006
2019-10-04,4.0604
2019-10-07,4.0682
2019-10-08,4.0862
2019-10-09,4.0948
2019-10-10,4.1139
2019-10-11,4.1054
2019-10-14,4.1257
2019-10-15,4.1482
2019-10-16,4.1708
2019-10-17,4.1452
2019-10-18,4.137
2019-10-21,4.1313
2019-10-22,4.0852
2019-10-23,4.0715
2019-10-24,4.0083
2019-10-25,4.0127
2019-10-28,3.9786
2019-10-29,3.994
2019-10-30,4.018
2019-10-31,4.0035
2019-11-01,3.978
2019-11-04,3.9916
2019-11-05,4.0037
2019-11-06,4.0345
2019-11-07,4.0921
2019-11-08,4.1359
2019-11-11,4.1553
2019-11-12,4.175
2019-11-13,4.1761
2019-11-14,4.1825
2019-11-18,4.1821
2019-11-19,4.2078
2019-11-20,4.2027
2019-11-21,4.2006
2019-11-22,4.1826
2019-11-25,4.2083
2019-11-26,4.2553
2019-11-27,4.2596
2019-11-28,4.2474
2019-11-29,4.2234
2019-12-02,4.2255
2019-12-03,4.2002
2019-12-04,4.192
2019-12-05,4.213
2019-12-06,4.1777
2019-12-09,4.1497
2019-12-10,4.1421
2019-12-11,4.1147
2019-12-12,4.1086
2019-12-13,4.0943
2019-12-16,4.0795
2019-12-17,4.0681
2019-12-18,4.0542
2019-12-19,4.0627
2019-12-20,4.0771
2019-12-23,4.0751
2019-12-24,4.0793
2019-12-26,4.0595
2019-12-27,4.0539
2019-12-30,4.0301
2019-12-31,4.0301
2020-01-02,4.0207
2020-01-03,4.0516
2020-01-06,4.0548
2020-01-07,4.0835
2020-01-08,4.0666
2020-01-09,4.0738
2020-01-10,4.0739
2020-01-13,4.1303
2020-01-14,4.1437
2020-01-15,4.1616
2020-01-16,4.172
2020-01-17,4.1831
2020-01-20,4.1823
2020-01-21,4.2008
2020-01-22,4.1883
2020-01-23,4.1656
2020-01-24,4.1763
2020-01-27,4.219
2020-01-28,4.2058
2020-01-29,4.2007
2020-01-30,4.2517
2020-01-31,4.2689
2020-02-03,4.2469
2020-02-04,4.2375
2020-02-05,4.2443
2020-02-06,4.2471
2020-02-07,4.307
2020-02-10,4.3189
2020-02-11,4.3142
2020-02-12,4.336
2020-02-13,4.3383
2020-02-14,4.3157
2020-02-17,4.3151
2020-02-18,4.3465
2020-02-19,4.3722
2020-02-20,4.3867
2020-02-21,4.3918
2020-02-26,4.4353
2020-02-27,4.4758
2020-02-28,4.4981
2020-03-02,4.494
2020-03-03,4.4877
2020-03-04,4.5252
2020-03-05,4.6201
2020-03-06,4.6453
2020-03-09,4.7373
2020-03-10,4.6687
2020-03-11,4.6732
2020-03-12,4.8825
2020-03-13,4.7355
2020-03-16,4.9464
2020-03-17,5.0489
2020-03-18,5.1101
2020-03-19,5.1437
2020-03-20,5.0241
2020-03-23,5.0798
2020-03-24,5.0707
2020-03-25,5.07
2020-03-26,5.0004
2020-03-27,5.1103
2020-03-30,5.1588
2020-03-31,5.1981
2020-04-01,5.2399
2020-04-02,5.2645
2020-04-03,5.2991
2020-04-06,5.2465
2020-04-07,5.2211
2020-04-08,5.2117
2020-04-09,5.0773
2020-04-13,5.1818
2020-04-14,5.1852
2020-04-15,5.2573
2020-04-16,5.2371
2020-04-17,5.2567
2020-04-20,5.2831
2020-04-22,5.3841
2020-04-23,5.4461
2020-04-24,5.6504
2020-04-27,5.6352
2020-04-28,5.5677
2020-04-29,5.4285
2020-04-30,5.4264
2020-05-04,5.5811
2020-05-05,5.5348
2020-05-06,5.667
2020-05-07,5.8359
2020-05-08,5.7647
2020-05-11,5.7948
2020-05-12,5.7717
2020-05-13,5.9016
2020-05-14,5.9366
2020-05-15,5.8223
2020-05-18,5.7369
2020-05-19,5.721
2020-05-20,5.6962
2020-05-21,5.6013
2020-05-22,5.5802
2020-05-25,5.4766
2020-05-26,5.3701
2020-05-27,5.2986
2020-05-28,5.3399
2020-05-29,5.4257
2020-06-01,5.3633
2020-06-02,5.2595
2020-06-03,5.051
2020-06-04,5.1035
2020-06-05,4.9769
2020-06-08,4.9325
2020-06-09,4.9051
2020-06-10,4.8888
2020-06-12,5.0367
2020-06-15,5.1877
2020-06-16,5.1279
2020-06-17,5.2492
2020-06-18,5.3462
2020-06-19,5.346
2020-06-22,5.222
2020-06-23,5.1699
2020-06-24,5.2429
2020-06-25,5.3281
2020-06-26,5.4623
2020-06-29,5.441
2020-06-30,5.4754
2020-07-01,5.3646
2020-07-02,5.3022
2020-07-03,5.3368
2020-07-06,5.3079
2020-07-07,5.3312
2020-07-08,5.3476
2020-07-09,5.2972
2020-07-10,5.3434
2020-07-13,5.348
2020-07-14,5.4282
2020-07-15,5.3485
2020-07-16,5.3554
2020-07-17,5.3504
2020-07-20,5.3629
2020-07-21,5.2277
2020-07-22,5.1105
2020-07-23,5.1641
2020-07-24,5.214
2020-07-27,5.1883
2020-07-28,5.1771
2020-07-29,5.1389
2020-07-30,5.1831
2020-07-31,5.2027
2020-08-03,5.3069
2020-08-04,5.3323
2020-08-05,5.2754
2020-08-06,5.3425
2020-08-07,5.4221
2020-08-10,5.3927
2020-08-11,5.4279
2020-08-12,5.4545
2020-08-13,5.3795
2020-08-14,5.3846
2020-08-17,5.4491
2020-08-18,5.4653
2020-08-19,5.49
2020-08-20,5.6504
2020-08-21,5.6058
2020-08-24,5.5948
2020-08-25,5.5991
2020-08-26,5.5674
2020-08-27,5.595
2020-08-28,5.4673
2020-08-31,5.4707
2020-09-01,5.3726
2020-09-02,5.3735
2020-09-03,5.3073
2020-09-04,5.2842
2020-09-08,5.3692
2020-09-09,5.3018
2020-09-10,5.293
2020-09-11,5.2848
2020-09-14,5.2978
2020-09-15,5.2722
2020-09-16,5.2526
2020-09-17,5.2587
2020-09-18,5.2883
2020-09-21,5.4434
2020-09-22,5.4323
2020-09-23,5.5305
2020-09-24,5.5708
2020-09-25,5.5661
2020-09-28,5.5852
2020-09-29,5.6521
2020-09-30,5.6401
2020-10-01,5.6435
2020-10-02,5.6458
2020-10-05,5.6293
2020-10-06,5.5199
2020-10-07,5.6012
2020-10-08,5.6194
2020-10-09,5.5387
2020-10-13,5.5854
2020-10-14,5.5669
2020-10-15,5.6166
2020-10-16,5.622
2020-10-19,5.6017
2020-10-20,5.5824
2020-10-21,5.6
2020-10-22,5.5814
2020-10-23,5.6114
2020-10-26,5.6322
2020-10-27,5.6484
2020-10-28,5.7319
2020-10-29,5.7797
2020-10-30,5.7712
2020-11-03,5.6889
2020-11-04,5.6926
2020-11-05,5.5618
2020-11-06,5.5307
2020-11-09,5.2815
2020-11-10,5.369
2020-11-11,5.4014
2020-11-12,5.4088
2020-11-13,5.4848
2020-11-16,5.4192
2020-11-17,5.3962
2020-11-18,5.2926
2020-11-19,5.3324
2020-11-20,5.3499
2020-11-23,5.3822
2020-11-24,5.4031
2020-11-25,5.3502
2020-11-26,5.3195
2020-11-27,5.3488
2020-11-30,5.3311
2020-12-01,5.2783
2020-12-02,5.2261
2020-12-03,5.1619
2020-12-04,5.17
2020-12-07,5.1012
2020-12-08,5.0914
2020-12-09,5.1103
2020-12-10,5.0846
2020-12-11,5.0685
2020-12-14,5.0572
2020-12-15,5.0962
2020-12-16,5.1051
2020-12-17,5.0606
2020-12-18,5.098
2020-12-21,5.1566
2020-12-22,5.1467
2020-12-23,5.1734
2020-12-24,5.1785
2020-12-28,5.2384
2020-12-29,5.1936
2020-12-30,5.1961
2020-12-31,5.1961
2021-01-04,5.162
2021-01-05,5.3263
2021-01-06,5.3176
2021-01-07,5.3427
2021-01-08,5.3677
2021-01-11,5.496
2021-01-12,5.4631
2021-01-13,5.3064
2021-01-14,5.2611
2021-01-15,5.2708
2021-01-18,5.2782
2021-01-19,5.2939
2021-01-20,5.3027
2021-01-21,5.316
2021-01-22,5.4295
2021-01-25,5.5074
2021-01-26,5.3859
2021-01-27,5.3818
2021-01-28,5.4276
2021-01-29,5.4753
2021-02-01,5.4602
2021-02-02,5.3869
2021-02-03,5.3417
2021-02-04,5.3904
2021-02-05,5.3878
2021-02-08,5.3664
2021-02-09,5.421
2021-02-10,5.4018
2021-02-11,5.362
2021-02-12,5.3809
2021-02-17,5.4132
2021-02-18,5.4232
2021-02-19,5.3918
2021-02-22,5.5038
2021-02-23,5.4484
2021-02-24,5.4176
2021-02-25,5.4594
2021-02-26,5.5296
2021-03-01,5.5826
2021-03-02,5.6838
2021-03-03,5.7336
2021-03-04,5.6002
2021-03-05,5.6864
2021-03-08,5.7337
2021-03-09,5.8391
2021-03-10,5.7443
2021-03-11,5.5884
2021-03-12,5.5634
2021-03-15,5.629
2021-03-16,5.5845
2021-03-17,5.6573
2021-03-18,5.5468
2021-03-19,5.5076
2021-03-22,5.5263
2021-03-23,5.4945
2021-03-24,5.5324
2021-03-25,5.6579
2021-03-26,5.7036
2021-03-29,5.7919
2021-03-30,5.7636
2021-03-31,5.6967
2021-04-01,5.6843
2021-04-05,5.6573
2021-04-06,5.6257
2021-04-07,5.5858
2021-04-08,5.5811
2021-04-09,5.6439
2021-04-12,5.6576
2021-04-13,5.7058
2021-04-14,5.693
2021-04-15,5.6228
2021-04-16,5.6322
2021-04-19,5.5744
2021-04-20,5.526
2021-04-22,5.4964
2021-04-23,5.4781
2021-04-26,5.456
2021-04-27,5.4418
2021-04-28,5.3999
2021-04-29,5.3656
2021-04-30,5.403
2021-05-03,5.4081
2021-05-04,5.4499
2021-05-05,5.3866
2021-05-06,5.2891
2021-05-07,5.2211
2021-05-10,5.2221
2021-05-11,5.2397
2021-05-12,5.2347
2021-05-13,5.2809
2021-05-14,5.2695
2021-05-17,5.2749
2021-05-18,5.2582
2021-05-19,5.2816
2021-05-20,5.2899
2021-05-21,5.3021
2021-05-24,5.3192
2021-05-25,5.3137
2021-05-26,5.3158
2021-05-27,5.2833
2021-05-28,5.2274
2021-05-31,5.2316
2021-06-01,5.163
2021-06-02,5.114
2021-06-04,5.0661
2021-06-07,5.0492
2021-06-08,5.0483
2021-06-09,5.0527
2021-06-10,5.0629
2021-06-11,5.1184
2021-06-14,5.0701
2021-06-15,5.0868
2021-06-16,5.0201
2021-06-17,5.0353
2021-06-18,5.0308
2021-06-21,5.0367
2021-06-22,5.0172
2021-06-23,4.9513
2021-06-24,4.9271
2021-06-25,4.92
2021-06-28,4.9414
2021-06-29,4.9444
2021-06-30,5.0016
2021-07-01,5.0049
2021-07-02,5.0287
2021-07-05,5.0743
2021-07-06,5.1639
2021-07-07,5.2322
2021-07-08,5.2581
2021-07-09,5.237
2021-07-12,5.2233
2021-07-13,5.1764
2021-07-14,5.0874
2021-07-15,5.0994
2021-07-16,5.0935
2021-07-19,5.1972
2021-07-20,5.2459
2021-07-21,5.251
2021-07-22,5.1972
2021-07-23,5.1695
2021-07-26,5.1857
2021-07-27,5.1663
2021-07-28,5.1521
2021-07-29,5.0676
2021-07-30,5.121
2021-08-02,5.1373
2021-08-03,5.2458
2021-08-04,5.2085
2021-08-05,5.1459
2021-08-06,5.2404
2021-08-09,5.2768
2021-08-10,5.2211
2021-08-11,5.2007
2021-08-12,5.2345
2021-08-13,5.2468
2021-08-16,5.2489
2021-08-17,5.2579
2021-08-18,5.3019
2021-08-19,5.4174
2021-08-20,5.4268
2021-08-23,5.368
2021-08-24,5.3011
2021-08-25,5.2459
2021-08-26,5.2423
2021-08-27,5.2194
2021-08-30,5.1946
2021-08-31,5.1427
2021-09-01,5.157
2021-09-02,5.1729
2021-09-03,5.1679
2021-09-06,5.1767
2021-09-08,5.2518
2021-09-09,5.2819
2021-09-10,5.2152
2021-09-13,5.2184
2021-09-14,5.2254
2021-09-15,5.257
2021-09-16,5.2588
2021-09-17,5.3097
2021-09-20,5.3326
2021-09-21,5.3038
2021-09-22,5.2777
2021-09-23,5.2885
2021-09-24,5.3429
2021-09-27,5.3472
2021-09-28,5.42
2021-09-29,5.4167
2021-09-30,5.4388
2021-10-01,5.3905
2021-10-04,5.4198
2021-10-05,5.4605
2021-10-06,5.5091
2021-10-07,5.5134
2021-10-08,5.5078
2021-10-11,5.5155
2021-10-13,5.5464
2021-10-14,5.4982
2021-10-15,5.4504
2021-10-18,5.5187
2021-10-19,5.5515
2021-10-20,5.5565
2021-10-21,5.6417
2021-10-22,5.7111
2021-10-25,5.5967
2021-10-26,5.5794
2021-10-27,5.5661
2021-10-28,5.6118
2021-10-29,5.6424
2021-11-01,5.6688
2021-11-03,5.6666
2021-11-04,5.5936
2021-11-05,5.5449
2021-11-08,5.5621
2021-11-09,5.4951
2021-11-10,5.4584
2021-11-11,5.4165
2021-11-12,5.4193
2021-11-16,5.4766
2021-11-17,5.4987
2021-11-18,5.5464
2021-11-19,5.5578
2021-11-22,5.5835
2021-11-23,5.645
2021-11-24,5.6021
2021-11-25,5.5734
2021-11-26,5.5859
2021-11-29,5.6112
2021-11-30,5.6193
2021-12-01,5.6162
2021-12-02,5.6339
2021-12-03,5.6426
2021-12-06,5.6871
2021-12-07,5.6405
2021-12-08,5.5773
2021-12-09,5.5558
2021-12-10,5.5925
2021-12-13,5.6351
2021-12-14,5.6455
2021-12-15,5.7121
2021-12-16,5.6957
2021-12-17,5.6953
2021-12-20,5.7049
2021-12-21,5.7367
2021-12-22,5.7195
2021-12-23,5.6904
2021-12-24,5.6541
2021-12-27,5.6644
2021-12-28,5.6432
2021-12-29,5.6613
2021-12-30,5.5799
2021-12-31,5.5799
2022-01-03,5.6303
2022-01-04,5.677
2022-01-05,5.6622
2022-01-06,5.7036
2022-01-07,5.6747
2022-01-10,5.673
2022-01-11,5.6345
2022-01-12,5.5605
2022-01-13,5.524
2022-01-14,5.5343
2022-01-17,5.5052
2022-01-18,5.5207
2022-01-19,5.4972
2022-01-20,5.416
2022-01-21,5.4395
2022-01-24,5.4904
2022-01-25,5.4965
2022-01-26,5.4318
2022-01-27,5.3806
2022-01-28,5.3948
2022-01-31,5.3568
2022-02-01,5.2804
2022-02-02,5.295
2022-02-03,5.3019
2022-02-04,5.3278
2022-02-07,5.2907
2022-02-08,5.2693
2022-02-09,5.2729
2022-02-10,5.2095
2022-02-11,5.1981
2022-02-14,5.21
2022-02-15,5.1875
2022-02-16,5.1624
2022-02-17,5.1559
2022-02-18,5.1333
2022-02-21,5.0991
2022-02-22,5.0605
2022-02-23,5.0137
2022-02-24,5.1168
2022-02-25,5.1388
2022-03-02,5.1341
2022-03-03,5.0473
2022-03-04,5.0752
2022-03-07,5.0573
2022-03-08,5.0897
2022-03-09,5.0088
2022-03-10,5.0507
2022-03-11,5.0249
2022-03-14,5.0641
2022-03-15,5.1308
2022-03-16,5.1281
2022-03-17,5.0758
2022-03-18,5.0405
2022-03-21,4.966
2022-03-22,4.9202
2022-03-23,4.8698
2022-03-24,4.8061
2022-03-25,4.7776
2022-03-28,4.7899
2022-03-29,4.748
2022-03-30,4.7491
2022-03-31,4.7372
2022-04-01,4.6978
2022-04-04,4.6169
2022-04-05,4.6394
2022-04-06,4.6961
2022-04-07,4.7416
2022-04-08,4.7507
2022-04-11,4.7019
2022-04-12,4.6477
2022-04-13,4.6805
2022-04-14,4.7152
2022-04-18,4.674
2022-04-19,4.6658
2022-04-20,4.6391
2022-04-22,4.732
2022-04-25,4.8812
2022-04-26,4.966
2022-04-27,5.0161
2022-04-28,5.0104
2022-04-29,4.9185
2022-05-02,5.026
2022-05-03,5.0161
2022-05-04,5.0087
2022-05-05,5.0045
2022-05-06,5.0744
2022-05-09,5.1334
2022-05-10,5.1384
2022-05-11,5.1238
2022-05-12,5.1476
2022-05-13,5.1069
2022-05-16,5.066
2022-05-17,4.967
2022-05-18,4.9586
2022-05-19,4.9192
2022-05-20,4.8771
2022-05-23,4.7967
2022-05-24,4.81
2022-05-25,4.8353
2022-05-26,4.7961
2022-05-27,4.7428
2022-05-30,4.721
2022-05-31,4.7283
2022-06-01,4.7759
2022-06-02,4.7873
2022-06-03,4.795
2022-06-06,4.7833
2022-06-07,4.8903
2022-06-08,4.8705
2022-06-09,4.8945
2022-06-10,4.983
2022-06-13,5.1027
2022-06-14,5.1197
2022-06-15,5.1113
2022-06-17,5.1307
2022-06-20,5.1635
2022-06-21,5.1456
2022-06-22,5.1503
2022-06-23,5.1827
2022-06-24,5.2328
2022-06-27,5.2208
2022-06-28,5.2173
2022-06-29,5.2262
2022-06-30,5.2374
2022-07-01,5.3136
2022-07-04,5.3032
2022-07-05,5.3893
2022-07-06,5.4315
2022-07-07,5.3634
2022-07-08,5.308
2022-07-11,5.3471
2022-07-12,5.4114
2022-07-13,5.3987
2022-07-14,5.4562
2022-07-15,5.4008
2022-07-18,5.3669
2022-07-19,5.3898
2022-07-20,5.4282
2022-07-21,5.4744
2022-07-22,5.4516
2022-07-25,5.4138
2022-07-26,5.3602
2022-07-27,5.3068
2022-07-28,5.2143
2022-07-29,5.1878
2022-08-01,5.16
2022-08-02,5.2323
2022-08-03,5.284
2022-08-04,5.2403
2022-08-05,5.2159
2022-08-08,5.1241
2022-08-09,5.1218
2022-08-10,5.0491
2022-08-11,5.1121
2022-08-12,5.1017
2022-08-15,5.0919
2022-08-16,5.1334
2022-08-17,5.1779
2022-08-18,5.1767
2022-08-19,5.1955
2022-08-22,5.1703
2022-08-23,5.1024
2022-08-24,5.1044
2022-08-25,5.1167
2022-08-26,5.0897
2022-08-29,5.0423
2022-08-30,5.0611
2022-08-31,5.1784
2022-09-01,5.2001
2022-09-02,5.1872
2022-09-05,5.168
2022-09-06,5.2222
2022-09-08,5.2149
2022-09-09,5.1627
2022-09-12,5.1177
2022-09-13,5.1788
2022-09-14,5.1768
2022-09-15,5.2205
2022-09-16,5.2876
2022-09-19,5.2361
2022-09-20,5.1699
2022-09-21,5.1686
2022-09-22,5.1671
2022-09-23,5.2251
2022-09-26,5.3542
2022-09-27,5.3502
2022-09-28,5.3588
2022-09-29,5.391
2022-09-30,5.406
2022-10-03,5.1996
2022-10-04,5.1405
2022-10-05,5.2138
2022-10-06,5.2002
2022-10-07,5.2215
2022-10-10,5.1935
2022-10-11,5.2061
2022-10-13,5.3011
2022-10-14,5.2818
2022-10-17,5.2707
2022-10-18,5.2691
2022-10-19,5.2802
2022-10-20,5.217
2022-10-21,5.1913
2022-10-24,5.2738
2022-10-25,5.3085
2022-10-26,5.3242
2022-10-27,5.2997
2022-10-28,5.3449
2022-10-31,5.2564
2022-11-01,5.1494
2022-11-03,5.1343
2022-11-04,5.0354
2022-11-07,5.088
2022-11-08,5.1738
2022-11-09,5.1623
2022-11-10,5.3058
2022-11-11,5.3045
2022-11-14,5.3007
2022-11-16,5.3198
2022-11-17,5.4649
2022-11-18,5.3471
2022-11-21,5.3253
2022-11-22,5.3333
2022-11-23,5.3924
2022-11-24,5.3143
2022-11-25,5.3502
2022-11-28,5.3791
2022-11-29,5.307
2022-11-30,5.2935
2022-12-01,5.1942
2022-12-02,5.1968
2022-12-05,5.2457
2022-12-06,5.239
2022-12-07,5.2202
2022-12-08,5.2085
2022-12-09,5.239
2022-12-12,5.306
2022-12-13,5.2663
2022-12-14,5.34
2022-12-15,5.3177
2022-12-16,5.2801
2022-12-19,5.3154
2022-12-20,5.2421
2022-12-21,5.2025
2022-12-22,5.1865
2022-12-23,5.1439
2022-12-26,5.1866
2022-12-27,5.2826
2022-12-28,5.273
2022-12-29,5.2171
2022-12-30,5.2171
2023-01-02,5.343
2023-01-03,5.3753
2023-01-04,5.4453
2023-01-05,5.402
2023-01-06,5.2849
2023-01-09,5.2961
2023-01-10,5.2389
2023-01-11,5.2014
2023-01-12,5.1394
2023-01-13,5.114
2023-01-16,5.1109
2023-01-17,5.1197
2023-01-18,5.0903
2023-01-19,5.2138
2023-01-20,5.198
2023-01-23,5.1916
2023-01-24,5.169
2023-01-25,5.1036
2023-01-26,5.0945
2023-01-27,5.0761
2023-01-30,5.0953
2023-01-31,5.0987
2023-02-01,5.0715
2023-02-02,4.9895
2023-02-03,5.1024
2023-02-06,5.1757
2023-02-07,5.1689
2023-02-08,5.203
2023-02-09,5.2309
2023-02-10,5.252
2023-02-13,5.1828
2023-02-14,5.1501
2023-02-15,5.2237
2023-02-16,5.2426
2023-02-17,5.2006
2023-02-22,5.1724
2023-02-23,5.1324
2023-02-24,5.1785
2023-02-27,5.1954
2023-02-28,5.2072
2023-03-01,5.2064
2023-03-02,5.2074
2023-03-03,5.2031
2023-03-06,5.1964
2023-03-07,5.1895
2023-03-08,5.1381
2023-03-09,5.1347
2023-03-10,5.1816
2023-03-13,5.2394
2023-03-14,5.2356
2023-03-15,5.2975
2023-03-16,5.2886
2023-03-17,5.2673
2023-03-20,5.2461
2023-03-21,5.2438
2023-03-22,5.2642
2023-03-23,5.2626
2023-03-24,5.2915
2023-03-27,5.23
2023-03-28,5.1727
2023-03-29,5.1487
2023-03-30,5.1248
2023-03-31,5.0798
2023-04-03,5.0631
2023-04-04,5.0756
2023-04-05,5.0441
2023-04-06,5.0677
2023-04-10,5.0828
2023-04-11,5.0122
2023-04-12,4.949
2023-04-13,4.9091
2023-04-14,4.9449
2023-04-17,4.9415
2023-04-18,4.9672
2023-04-19,5.0461
2023-04-20,5.0491
2023-04-24,5.0589
2023-04-25,5.0607
2023-04-26,5.0579
2023-04-27,5.0144
2023-04-28,5.0001
2023-05-02,5.0329
2023-05-03,5.0221
2023-05-04,5.01
2023-05-05,4.969
2023-05-08,4.969
2023-05-09,5.0001
2023-05-10,4.9541
2023-05-11,4.969
2023-05-12,4.9228
2023-05-15,4.9097
2023-05-16,4.9116
2023-05-17,4.9507
2023-05-18,4.9641
2023-05-19,4.9852
2023-05-22,4.9674
2023-05-23,4.9668
2023-05-24,4.9468
2023-05-25,4.9984
2023-05-26,5.0108
2023-05-29,4.9948
2023-05-30,5.0587
2023-05-31,5.0953
2023-06-01,5.0344
2023-06-02,4.9552
2023-06-05,4.923
2023-06-06,4.9286
2023-06-07,4.9113
2023-06-09,4.8916
2023-06-12,4.8826
2023-06-13,4.8527
2023-06-14,4.8456
2023-06-15,4.8216
2023-06-16,4.828
2023-06-19,4.7797
2023-06-20,4.7924
2023-06-21,4.7789
2023-06-22,4.7744
2023-06-23,4.7793
2023-06-26,4.7692
2023-06-27,4.7897
2023-06-28,4.8557
2023-06-29,4.8578
2023-06-30,4.8186
2023-07-03,4.787
2023-07-04,4.805
2023-07-05,4.8571
2023-07-06,4.8971
2023-07-07,4.8793
2023-07-10,4.8729
2023-07-11,4.8943
2023-07-12,4.8052
2023-07-13,4.8032
2023-07-14,4.7951
2023-07-17,4.8296
2023-07-18,4.8034
2023-07-19,4.7994
2023-07-20,4.7882
2023-07-21,4.7726
2023-07-24,4.7451
2023-07-25,4.749
2023-07-26,4.7362
2023-07-27,4.7196
2023-07-28,4.7247
2023-07-31,4.7409
2023-08-01,4.7746
2023-08-02,4.8077
2023-08-03,4.8791
2023-08-04,4.8603
2023-08-07,4.9004
2023-08-08,4.9211
2023-08-09,4.9009
2023-08-10,4.8512
2023-08-11,4.8912
2023-08-14,4.9475
2023-08-15,4.9806
2023-08-16,4.9765
2023-08-17,4.981
2023-08-18,4.9718
2023-08-21,4.9841
2023-08-22,4.9425
2023-08-23,4.8971
2023-08-24,4.8742
2023-08-25,4.8766
2023-08-28,4.8933
2023-08-29,4.87
2023-08-30,4.8647
2023-08-31,4.9213
2023-09-01,4.9312
2023-09-04,4.917
2023-09-05,4.9699
2023-09-06,4.9756
2023-09-08,4.9829
2023-09-11,4.936
2023-09-12,4.9499
2023-09-13,4.9165
2023-09-14,4.8745
2023-09-15,4.8683
2023-09-18,4.8529
2023-09-19,4.8569
2023-09-20,4.8481
2023-09-21,4.9223
2023-09-22,4.9125
2023-09-25,4.96
2023-09-26,4.9711
2023-09-27,5.0283
2023-09-28,5.0469
2023-09-29,5.007
2023-10-02,5.0673
2023-10-03,5.1094
2023-10-04,5.152
2023-10-05,5.1707
2023-10-06,5.1912
2023-10-09,5.166
2023-10-10,5.0856
2023-10-11,5.049
2023-10-13,5.0619
2023-10-16,5.0612
2023-10-17,5.0378
2023-10-18,5.0562
2023-10-19,5.0534
2023-10-20,5.0522
2023-10-23,5.0158
2023-10-24,5.0059
2023-10-25,4.9975
2023-10-26,5.0049
2023-10-27,4.9474
2023-10-30,5.0068
2023-10-31,5.0569
2023-11-01,5.0188
2023-11-03,4.8904
2023-11-06,4.8993
2023-11-07,4.8664
2023-11-08,4.8849
2023-11-09,4.9001
2023-11-10,4.9213
2023-11-13,4.924
2023-11-14,4.8676
2023-11-16,4.8569
2023-11-17,4.8843
2023-11-20,4.8717
2023-11-21,4.88
2023-11-22,4.8962
2023-11-23,4.8925
2023-11-24,4.8921
2023-11-27,4.8945
2023-11-28,4.8861
2023-11-29,4.8927
2023-11-30,4.9349
2023-12-01,4.9185
2023-12-04,4.9085
2023-12-05,4.9516
2023-12-06,4.9025
2023-12-07,4.8943
2023-12-08,4.9152
2023-12-11,4.9434
2023-12-12,4.947
2023-12-13,4.9573
2023-12-14,4.8906
2023-12-15,4.9391
2023-12-18,4.9393
2023-12-19,4.8657
2023-12-20,4.876
2023-12-21,4.8749
2023-12-22,4.8613
2023-12-26,4.8362
2023-12-27,4.83
2023-12-28,4.8407
2023-12-29,4.8407
2024-01-02,4.891
2024-01-03,4.9206
2024-01-04,4.9182
2024-01-05,4.8893
2024-01-08,4.8844
2024-01-09,4.8931
2024-01-10,4.8895
2024-01-11,4.8788
2024-01-12,4.8537
2024-01-15,4.8759
2024-01-16,4.9032
2024-01-17,4.934
2024-01-18,4.9397
2024-01-19,4.9217
2024-01-22,4.9484
2024-01-23,4.9709
2024-01-24,4.9186
2024-01-25,4.9226
2024-01-26,4.9119
2024-01-29,4.9219
2024-01-30,4.9632
2024-01-31,4.9529
2024-02-01,4.9344
2024-02-02,4.9465
2024-02-05,5.0047
2024-02-06,4.9681
2024-02-07,4.9602
2024-02-08,4.9798
2024-02-09,4.9711
2024-02-14,4.9717
2024-02-15,4.9704
2024-02-16,4.9755
2024-02-19,4.9579
2024-02-20,4.9402
2024-02-21,4.9297
2024-02-22,4.9413
2024-02-23,4.9845
2024-02-26,4.9813
2024-02-27,4.9569
2024-02-28,4.9551
2024-02-29,4.9827
2024-03-01,4.959
2024-03-04,4.9469
2024-03-05,4.9482
2024-03-06,4.9392
2024-03-07,4.9358
2024-03-08,4.9745
2024-03-11,4.9771
2024-03-12,4.9807
2024-03-13,4.9797
2024-03-14,4.9762
2024-03-15,4.9931
2024-03-18,5.0118
2024-03-19,5.0346
2024-03-20,5.0114
2024-03-21,4.9801
2024-03-22,4.9891
2024-03-25,4.9863
2024-03-26,4.9864
2024-03-27,4.985
2024-03-28,4.9956
2024-04-01,5.0526
2024-04-02,5.0469
2024-04-03,5.0718
2024-04-04,5.0231
2024-04-05,5.0514
2024-04-08,5.0415
2024-04-09,5.0074
2024-04-10,5.0648
2024-04-11,5.0759
2024-04-12,5.1358
2024-04-15,5.174
2024-04-16,5.2628
2024-04-17,5.2463
2024-04-18,5.2506
2024-04-19,5.2263
2024-04-22,5.2037
2024-04-23,5.162
2024-04-24,5.1586
2024-04-25,5.1673
2024-04-26,5.1178
2024-04-29,5.1149
2024-04-30,5.1712
2024-05-02,5.1178
2024-05-03,5.0662
2024-05-06,5.0721
2024-05-07,5.0604
2024-05-08,5.0881
2024-05-09,5.1571
2024-05-10,5.1458
2024-05-13,5.1406
2024-05-14,5.135
2024-05-15,5.1417
2024-05-16,5.1264
2024-05-17,5.1151
2024-05-20,5.1079
2024-05-21,5.1031
2024-05-22,5.1496
2024-05-23,5.1437
2024-05-24,5.1502
2024-05-27,5.1698
2024-05-28,5.1532
2024-05-29,5.1966
2024-05-31,5.241
2024-06-03,5.2367
2024-06-04,5.2681
2024-06-05,5.2835
2024-06-06,5.2675
2024-06-07,5.2796
2024-06-10,5.366
2024-06-11,5.3519
2024-06-12,5.3885
2024-06-13,5.3968
2024-06-14,5.3624
2024-06-17,5.4124
2024-06-18,5.4068
2024-06-19,5.4641
2024-06-20,5.4248
2024-06-21,5.441
2024-06-24,5.3994
2024-06-25,5.4283
2024-06-26,5.5091
2024-06-27,5.5223
2024-06-28,5.5583
2024-07-01,5.5887
2024-07-02,5.6671
2024-07-03,5.5857
2024-07-04,5.4833
2024-07-05,5.4964
2024-07-08,5.4714
2024-07-09,5.4381
2024-07-10,5.3961
2024-07-11,5.4094
2024-07-12,5.4523
2024-07-15,5.4557
2024-07-16,5.4268
2024-07-17,5.4664
2024-07-18,5.542
2024-07-19,5.5537
2024-07-22,5.5592
2024-07-23,5.5801
2024-07-24,5.634
2024-07-25,5.6396
2024-07-26,5.6459
2024-07-29,5.6473
2024-07-30,5.6526
2024-07-31,5.6615
2024-08-01,5.6675
2024-08-02,5.736
2024-08-05,5.764
2024-08-06,5.6522
2024-08-07,5.6087
2024-08-08,5.6166
2024-08-09,5.5109
2024-08-12,5.4905
2024-08-13,5.4869
2024-08-14,5.4496
2024-08-15,5.4645
2024-08-16,5.4626
2024-08-19,5.4231
2024-08-20,5.4541
2024-08-21,5.4701
2024-08-22,5.5518
2024-08-23,5.5257
2024-08-26,5.4915
2024-08-27,5.4963
2024-08-28,5.5309
2024-08-29,5.6352
2024-08-30,5.6556
2024-09-02,5.6224
2024-09-03,5.6218
2024-09-04,5.6353
2024-09-05,5.6043
2024-09-06,5.5696
2024-09-09,5.6091
2024-09-10,5.6248
2024-09-11,5.6381
2024-09-12,5.6548
2024-09-13,5.5711
2024-09-16,5.5201
2024-09-17,5.5004
2024-09-18,5.4761
2024-09-19,5.4183
2024-09-20,5.4769
2024-09-23,5.544
2024-09-24,5.4696
2024-09-25,5.473
2024-09-26,5.4406
2024-09-27,5.4425
2024-09-30,5.4475
2024-10-01,5.4515
2024-10-02,5.4299
2024-10-03,5.4844
2024-10-04,5.468
2024-10-07,5.462
2024-10-08,5.5191
2024-10-09,5.5731
2024-10-10,5.5813
2024-10-11,5.6257
2024-10-14,5.6039
2024-10-15,5.6372
2024-10-16,5.6743
2024-10-17,5.6752
2024-10-18,5.6666
2024-10-21,5.7062
2024-10-22,5.6952
2024-10-23,5.7143
2024-10-24,5.7081
2024-10-25,5.6963
2024-10-28,5.6982
2024-10-29,5.7134
2024-10-30,5.7795
2024-10-31,5.7773
2024-11-01,5.8067
2024-11-04,5.7892
2024-11-05,5.784
2024-11-06,5.7642
2024-11-07,5.6618
2024-11-08,5.7642
2024-11-11,5.7974
2024-11-12,5.7688
2024-11-13,5.7707
2024-11-14,5.7879
2024-11-18,5.7597
2024-11-19,5.7737
2024-11-21,5.8167
2024-11-22,5.8118
2024-11-25,5.7996
2024-11-26,5.7984
2024-11-27,5.8285
2024-11-28,5.9865
2024-11-29,6.0529
2024-12-02,6.0628
2024-12-03,6.0701
2024-12-04,6.0575
2024-12-05,5.9843
2024-12-06,6.0287
2024-12-09,6.0564
2024-12-10,6.0523
2024-12-11,6.0314
2024-12-12,5.9402
2024-12-13,6.0394
2024-12-16,6.0504
2024-12-17,6.1679
2024-12-18,6.1618
2024-12-19,6.1835
2024-12-20,6.0774
2024-12-23,6.1606
2024-12-24,6.1527
2024-12-26,6.165
2024-12-27,6.1985
2024-12-30,6.1917
2024-12-31,6.1917
2025-01-02,6.208
2025-01-03,6.1557
2025-01-06,6.1113
2025-01-07,6.0735
2025-01-08,6.1315
2025-01-09,6.089
2025-01-10,6.0959
2025-01-13,6.1073
2025-01-14,6.0665
2025-01-15,6.0371
2025-01-16,6.0316
2025-01-17,6.0603
2025-01-20,6.0492
2025-01-21,6.0434
2025-01-22,5.9668
2025-01-23,5.9393
2025-01-24,5.8919
2025-01-27,5.9266
2025-01-28,5.8924
2025-01-29,5.859
2025-01-30,5.9
2025-01-31,5.8295
2025-02-03,5.8681
2025-02-04,5.7921
2025-02-05,5.7991
2025-02-06,5.785
2025-02-07,5.7551
2025-02-10,5.7802
2025-02-11,5.7782
2025-02-12,5.7705
2025-02-13,5.7782
2025-02-14,5.7277
2025-02-17,5.7099
2025-02-18,5.6973
2025-02-19,5.7081
2025-02-20,5.7013
2025-02-21,5.7021
2025-02-24,5.7252
2025-02-25,5.7773
2025-02-26,5.7751
2025-02-27,5.8222
2025-02-28,5.8482
2025-03-05,5.7908
2025-03-06,5.7483
2025-03-07,5.7682
2025-03-10,5.7924
2025-03-11,5.8341
2025-03-12,5.8262
2025-03-13,5.8125
2025-03-14,5.7413
2025-03-17,5.7076
2025-03-18,5.6846
2025-03-19,5.6651
2025-03-20,5.6622
2025-03-21,5.7235
2025-03-24,5.7397
2025-03-25,5.6986
2025-03-26,5.7292
2025-03-27,5.7468
2025-03-28,5.7654
2025-03-31,5.7416
2025-04-01,5.7045
2025-04-02,5.6918
2025-04-03,5.6062
2025-04-04,5.7771
2025-04-07,5.8871
2025-04-08,5.9362
2025-04-09,6.0599
2025-04-10,5.9109
2025-04-11,5.8731
2025-04-14,5.8419
2025-04-15,5.8701
2025-04-16,5.8802
2025-04-17,5.8553
2025-04-22,5.749
2025-04-23,5.6874
2025-04-24,5.6732
2025-04-25,5.684
2025-04-28,5.6675
2025-04-29,5.6461
2025-04-30,5.6602
2025-05-02,5.6388
2025-05-05,5.6514
2025-05-06,5.7204
2025-05-07,5.7368
2025-05-08,5.6854
2025-05-09,5.6505
2025-05-12,5.6816
2025-05-13,5.6256
2025-05-14,5.6094
2025-05-15,5.6322
2025-05-16,5.6919
2025-05-19,5.6585
2025-05-20,5.6614
2025-05-21,5.6565
2025-05-22,5.6384
2025-05-23,5.6926
2025-05-26,5.6613
2025-05-27,5.6533
2025-05-28,5.693
2025-05-29,5.6553
2025-05-30,5.7081
2025-06-02,5.6931
2025-06-03,5.6688
2025-06-04,5.6326
2025-06-05,5.5963
2025-06-06,5.5941
2025-06-09,5.5754
2025-06-10,5.5551
2025-06-11,5.5384
2025-06-12,5.5382
2025-06-13,5.5646
2025-06-16,5.5117
2025-06-17,5.4767
2025-06-18,5.4873
2025-06-20,5.4951
2025-06-23,5.5207
2025-06-24,5.4932
2025-06-25,5.5421
2025-06-26,5.5139
2025-06-27,5.4753
2025-06-30,5.4565
2025-07-01,5.4505
2025-07-02,5.4506
2025-07-03,5.4202
2025-07-04,5.4084
2025-07-07,5.4546
2025-07-08,5.4565
2025-07-09,5.462
2025-07-10,5.5427
2025-07-11,5.5716
2025-07-14,5.5589
2025-07-15,5.5569
2025-07-16,5.5716
2025-07-17,5.5731
2025-07-18,5.546
2025-07-21,5.5619
2025-07-22,5.5703
2025-07-23,5.5531
2025-07-24,5.5233
2025-07-25,5.542
2025-07-28,5.5871
2025-07-29,5.5758
2025-07-30,5.6028
2025-07-31,5.6015
2025-08-01,5.543
2025-08-04,5.5107
2025-08-05,5.5113
2025-08-06,5.4796
2025-08-07,5.4632
2025-08-08,5.4248
2025-08-11,5.4467
2025-08-12,5.4046
2025-08-13,5.3922
2025-08-14,5.4089
2025-08-15,5.3922
2025-08-18,5.4149
2025-08-19,5.471
2025-08-20,5.472
2025-08-21,5.4822
2025-08-22,5.4386
2025-08-25,5.4168
2025-08-26,5.4212
2025-08-27,5.4422
2025-08-28,5.4109
2025-08-29,5.4258
2025-09-01,5.4372
2025-09-02,5.4674
2025-09-03,5.4479
2025-09-04,5.4581
2025-09-05,5.3962
2025-09-08,5.4272
2025-09-09,5.4272
2025-09-10,5.4117
2025-09-11,5.3852
2025-09-12,5.3671
2025-09-15,5.3202
2025-09-16,5.309
2025-09-17,5.3005
2025-09-18,5.3004
2025-09-19,5.327
2025-09-22,5.3451
2025-09-23,5.3057
2025-09-24,5.3106
2025-09-25,5.3419
2025-09-26,5.3439
2025-09-29,5.3223
2025-09-30,5.318
2025-10-01,5.3202
2025-10-02,5.3443
2025-10-03,5.3492
2025-10-06,5.322
2025-10-07,5.3357
2025-10-08,5.3421
2025-10-09,5.3532
2025-10-10,5.444
2025-10-13,5.4623
2025-10-14,5.4976
2025-10-15,5.4458
2025-10-16,5.4348
2025-10-17,5.4384
2025-10-20,5.3765
2025-10-21,5.3842
2025-10-22,5.3892
2025-10-23,5.3834
2025-10-24,5.3791
2025-10-27,5.3738
2025-10-28,5.3684
2025-10-29,5.341
2025-10-30,5.3844
2025-10-31,5.3837
2025-11-03,5.3499
2025-11-04,5.384
2025-11-05,5.3792
2025-11-06,5.3445
2025-11-07,5.3561
2025-11-10,5.3175
2025-11-11,5.2723
2025-11-12,5.2879
2025-11-13,5.2814
2025-11-14,5.2946
2025-11-17,5.3102
2025-11-18,5.3355
2025-11-19,5.334
2025-11-21,5.3896
2025-11-24,5.3942
2025-11-25,5.3835
2025-11-26,5.3688
